<network>
<title>Colin's XOR Network</title>
<neuron id="0" type="in" hint-layer="1" hint-position="1" /> 
<neuron id="1" type="in" hint-layer="1" hint-position="2" /> 
<neuron id="2" type="in" hint-layer="1" hint-position="3" /> 
<neuron id="3" type="out" hint-layer="2" hint-position="1" /> 

<connection id="4" src-id="0" tgt-id="3" recurrent="false" weight="1.64327624043105" /> 
<connection id="5" src-id="1" tgt-id="3" recurrent="false" weight="-3.3017311279049" /> 
<connection id="6" src-id="2" tgt-id="3" recurrent="false" weight="-3.3025163810043" /> 
<connection id="7" src-id="3" tgt-id="3" recurrent="true" weight="-7.44947553716588" /> 
</network>